Keyword,Category,Source,Intent,Relevance,Avg Monthly Searches,Low CPC,High CPC,Competition,Jackpot Score,Ad Score,SEO Score,Trend,Trend Info
etsy description,Direct / Head Terms,planner_related,Comm,8,90,0.00,0.00,LOW,79,79,61,rising,+129% over 12mo (Seasonal)
etsy listing photo size,Direct / Head Terms,planner_related,Comm,4,1000,0.15,1.21,LOW,78,78,69,declining_slight,-18% over 12mo
etsy listing size,Direct / Head Terms,planner_related,Comm,4,1000,0.15,1.21,LOW,78,78,69,declining_slight,-18% over 12mo
size of etsy listing photos,Direct / Head Terms,planner_related,Comm,4,1000,0.15,1.21,LOW,78,78,69,declining_slight,-18% over 12mo
rules for selling on etsy,Direct / Head Terms,planner_related,Comm,4,210,0.07,0.64,LOW,77,77,63,declining_slight,-26% over 12mo
etsy vendor list,Direct / Head Terms,autocomplete,Comm,1,20,0.00,0.00,LOW,76,76,58,rising,+90% over 12mo (Seasonal)
etsy listing description,Direct / Head Terms,autocomplete,Comm,8,20,0.00,0.00,LOW,76,76,58,rising,+167% over 12mo (Seasonal)
etsy listing dimensions,Direct / Head Terms,planner_related,Comm,4,50,0.00,0.00,LOW,74,74,56,declining_slight,-12% over 12mo
etsy listing photo dimensions,Direct / Head Terms,planner_related,Comm,4,40,0.00,0.00,LOW,74,74,56,rising_slight,+14% over 12mo
etsy bulk editing tool,Direct / Head Terms,planner_related,Comm,10,30,0.00,0.00,LOW,73,73,55,rising_slight,+11% over 12mo
alura etsy,Competitor Brands,ai,Nav,9,590,0.03,2.20,LOW,73,73,72,declining,-33% over 12mo
etsy listing example,Direct / Head Terms,autocomplete,Info,6,20,0.00,0.00,LOW,73,73,55,declining,-33% over 12mo
etsy description example,Direct / Head Terms,planner_related,Info,6,40,0.00,0.00,LOW,73,73,55,declining_slight,-23% over 12mo
etsy listing photo size in pixels,Direct / Head Terms,planner_related,Comm,4,40,0.00,0.00,LOW,73,73,55,declining_slight,-25% over 12mo
etsy listing photo size ratio,Direct / Head Terms,planner_related,Comm,4,40,0.00,0.00,LOW,73,73,55,declining_slight,-29% over 12mo
requirements for selling on etsy,Direct / Head Terms,planner_related,Comm,4,50,0.13,0.64,LOW,73,73,58,rising_slight,+10% over 12mo
requirements to sell on etsy,Direct / Head Terms,planner_related,Comm,4,50,0.13,0.64,LOW,73,73,58,rising_slight,+10% over 12mo
etsy shop software,Direct / Head Terms,autocomplete,Comm,9,10,0.00,0.00,LOW,73,73,55,rising,+33% over 12mo (Seasonal)
vela etsy,Competitor Brands,ai,Nav,9,320,1.41,2.65,LOW,72,72,71,stable,Stable
how to sell digital product on etsy,Direct / Head Terms,planner_related,Info,8,720,0.20,5.11,LOW,72,72,70,declining_slight,-17% over 12mo
how do you sell digital downloads on etsy,Direct / Head Terms,planner_related,Info,8,880,0.08,3.10,LOW,72,72,70,declining,-30% over 12mo
etsy listing picture size,Direct / Head Terms,planner_related,Comm,4,210,0.25,1.54,LOW,72,72,63,declining_slight,-12% over 12mo
etsy photo listing size,Direct / Head Terms,planner_related,Comm,4,30,0.00,0.00,LOW,72,72,54,stable,Stable
etsy product description examples,Direct / Head Terms,planner_related,Info,6,30,0.00,0.00,LOW,72,72,54,stable,Stable
size for etsy listing photos,Problem-Based,planner_related,Info,4,50,0.15,0.78,LOW,72,72,57,stable,Stable
etsy product listing size,Direct / Head Terms,autocomplete,Comm,4,10,0.00,0.00,LOW,71,71,53,stable,Stable
etsy listing requirements,Direct / Head Terms,autocomplete,Comm,4,10,0.00,0.00,LOW,71,71,53,stable,Stable
etsy listing policy,Direct / Head Terms,autocomplete,Comm,4,10,0.00,0.00,LOW,71,71,53,stable,Stable
etsy listing rules,Direct / Head Terms,autocomplete,Comm,4,10,0.00,0.00,LOW,71,71,53,stable,Stable
how to sell multiple items in one listing on etsy,Direct / Head Terms,autocomplete,Info,4,10,0.00,0.00,LOW,71,71,53,stable,Stable
can i sell ebooks on etsy,Direct / Head Terms,planner_related,Comm,7,20,0.00,0.00,LOW,71,71,53,stable,Stable
how much can you make on etsy selling digital downloads,Direct / Head Terms,planner_related,Comm,6,30,0.00,0.00,LOW,71,71,53,declining,-35% over 12mo
what digital products can i sell on etsy,Direct / Head Terms,planner_related,Comm,7,20,0.00,0.00,LOW,71,71,53,stable,Stable
etsy shop automation,Direct / Head Terms,autocomplete,Comm,9,10,0.00,0.00,LOW,71,71,53,declining_slight,-17% over 12mo
etsy listing details,Direct / Head Terms,autocomplete,Comm,8,10,0.00,0.00,LOW,71,71,53,stable,Stable
alura etsy review,Competitor Brands,planner_related,Comm,9,20,0.00,0.00,LOW,70,70,52,declining,-54% over 12mo
how to upload digital files to etsy,Direct / Head Terms,planner_related,Info,9,20,0.00,0.00,LOW,70,70,52,declining,-56% over 12mo
best image size for etsy listing,Problem-Based,planner_related,Comm,4,20,0.00,0.00,LOW,70,70,52,declining_slight,-17% over 12mo
etsy photo size for listings,Direct / Head Terms,planner_related,Comm,4,10,0.00,0.00,LOW,70,70,52,rising,+67% over 12mo (Seasonal)
etsy product listing image size,Direct / Head Terms,planner_related,Comm,4,20,0.00,0.00,LOW,70,70,52,declining_slight,-10% over 12mo
how much can you make selling digital downloads on etsy,Direct / Head Terms,planner_related,Comm,6,20,0.00,0.00,LOW,70,70,52,declining,-65% over 12mo (Seasonal)
how much can you make selling digital products on etsy,Direct / Head Terms,planner_related,Comm,6,20,0.00,0.00,LOW,70,70,52,declining_slight,-25% over 12mo
etsy vela,Competitor Brands,planner_related,Nav,9,320,1.41,2.65,LOW,69,69,68,stable,Stable
get vela etsy,Competitor Brands,planner_related,Nav,9,10,0.00,0.00,LOW,69,69,51,rising_slight,+20% over 12mo
vela for etsy,Competitor Brands,planner_related,Nav,9,320,1.41,2.65,LOW,69,69,68,stable,Stable
best etsy listing photo size,Competitor Alternatives,planner_related,Comm,4,10,0.00,0.00,LOW,69,69,51,rising_slight,+14% over 12mo
best size photo for etsy listing,Problem-Based,planner_related,Comm,4,10,0.00,0.00,LOW,69,69,51,rising_slight,+17% over 12mo
can you sell digital files on etsy,Direct / Head Terms,planner_related,Comm,7,10,0.00,0.00,LOW,69,69,51,rising_slight,+20% over 12mo
dimensions of etsy listing photos,Direct / Head Terms,planner_related,Comm,4,10,0.00,0.00,LOW,69,69,51,rising_slight,+17% over 12mo
writing etsy descriptions,Direct / Head Terms,planner_related,Comm,6,10,0.00,0.00,LOW,69,69,51,rising_slight,+25% over 12mo (Seasonal)
etsy product description,Direct / Head Terms,planner_related,Comm,8,10,0.00,0.00,LOW,69,69,51,rising_slight,+14% over 12mo
alura etsy research,Competitor Brands,planner_related,Nav,9,10,0.00,0.00,LOW,68,68,50,stable,Stable
getvela etsy,Direct / Head Terms,planner_related,Comm,9,10,0.00,0.00,LOW,68,68,50,stable,Stable
best picture size for etsy listings,Direct / Head Terms,planner_related,Comm,4,10,0.00,0.00,LOW,68,68,50,declining_slight,-14% over 12mo
best size for etsy listing,Problem-Based,planner_related,Comm,4,10,0.00,0.00,LOW,68,68,50,stable,Stable
can you make money selling digital downloads on etsy,Direct / Head Terms,planner_related,Comm,6,10,0.00,0.00,LOW,68,68,50,stable,Stable
can you make money selling digital planners,Direct / Head Terms,planner_related,Comm,6,10,0.00,0.00,LOW,68,68,50,declining_slight,-14% over 12mo
can you sell digital books on etsy,Direct / Head Terms,planner_related,Comm,7,10,0.00,0.00,LOW,68,68,50,stable,Stable
can you sell digital downloads on etsy,Direct / Head Terms,planner_related,Comm,7,10,0.00,0.00,LOW,68,68,50,declining_slight,-14% over 12mo
can you sell plr on etsy,Direct / Head Terms,planner_related,Comm,7,10,0.00,0.00,LOW,68,68,50,stable,Stable
digital things you can sell on etsy,Direct / Head Terms,planner_related,Comm,7,10,0.00,0.00,LOW,68,68,50,declining_slight,-17% over 12mo
dimensions for etsy listing,Problem-Based,planner_related,Info,4,10,0.00,0.00,LOW,68,68,50,stable,Stable
do digital planners sell well on etsy,Direct / Head Terms,planner_related,Comm,6,10,0.00,0.00,LOW,68,68,50,stable,Stable
do digital prints sell well on etsy,Direct / Head Terms,planner_related,Comm,6,10,0.00,0.00,LOW,68,68,50,declining_slight,-25% over 12mo
etsy auto renew,Direct / Head Terms,planner_related,Comm,3,10,0.00,0.00,LOW,68,68,50,declining_slight,-14% over 12mo
etsy dimensions listing,Direct / Head Terms,planner_related,Comm,4,10,0.00,0.00,LOW,68,68,50,stable,Stable
etsy item listing photo size,Direct / Head Terms,planner_related,Comm,4,10,0.00,0.00,LOW,68,68,50,stable,Stable
etsy listing cover photo size,Direct / Head Terms,planner_related,Comm,4,10,0.00,0.00,LOW,68,68,50,stable,Stable
etsy listing photo ratio,Direct / Head Terms,planner_related,Comm,4,10,0.00,0.00,LOW,68,68,50,declining_slight,-14% over 12mo
etsy listing photo size dimensions,Direct / Head Terms,planner_related,Comm,4,10,0.00,0.00,LOW,68,68,50,stable,Stable
etsy listing pixel size,Direct / Head Terms,planner_related,Comm,4,10,0.00,0.00,LOW,68,68,50,stable,Stable
etsy photo size listing,Direct / Head Terms,planner_related,Comm,4,10,0.00,0.00,LOW,68,68,50,stable,Stable
etsy shop listing photo size,Direct / Head Terms,planner_related,Comm,4,10,0.00,0.00,LOW,68,68,50,stable,Stable
etsy size listing,Direct / Head Terms,planner_related,Comm,4,10,0.00,0.00,LOW,68,68,50,stable,Stable
how to upload a digital file on etsy,Direct / Head Terms,planner_related,Info,9,10,0.00,0.00,LOW,68,68,50,declining_slight,-14% over 12mo
how to upload a digital file to etsy,Direct / Head Terms,planner_related,Info,9,10,0.00,0.00,LOW,68,68,50,stable,Stable
how to upload large digital files to etsy,Direct / Head Terms,planner_related,Info,9,10,0.00,0.00,LOW,68,68,50,stable,Stable
uploading digital files to etsy,Direct / Head Terms,planner_related,Comm,9,10,0.00,0.00,LOW,68,68,50,declining_slight,-14% over 12mo
what can you sell digitally on etsy,Direct / Head Terms,planner_related,Comm,7,10,0.00,0.00,LOW,68,68,50,stable,Stable
what digital products can you sell on etsy,Direct / Head Terms,planner_related,Comm,7,10,0.00,0.00,LOW,68,68,50,stable,Stable
etsy description template,Industry / Niche,planner_related,Comm,7,10,0.00,0.00,LOW,68,68,50,declining_slight,-14% over 12mo
etsy product description template,Direct / Head Terms,planner_related,Comm,7,10,0.00,0.00,LOW,68,68,50,stable,Stable
etsy item description,Direct / Head Terms,planner_related,Comm,8,10,0.00,0.00,LOW,68,68,50,stable,Stable
etsy item description template,Industry / Niche,planner_related,Comm,7,10,0.00,0.00,LOW,68,68,50,stable,Stable
etsy listing description template,Direct / Head Terms,planner_related,Comm,7,10,0.00,0.00,LOW,68,68,50,declining_slight,-25% over 12mo
etsy bulk listing upload,Direct / Head Terms,planner_related,Comm,10,10,0.00,0.00,LOW,67,67,49,declining,-33% over 12mo
etsy product listing software,Direct / Head Terms,planner_related,Comm,9,10,0.00,0.00,LOW,67,67,49,declining,-71% over 12mo (Seasonal)
etsy image size for listings,Direct / Head Terms,planner_related,Comm,4,30,0.28,1.19,LOW,67,67,57,rising,+46% over 12mo
etsy listing photo size 2022,Direct / Head Terms,planner_related,Comm,4,10,0.00,0.00,LOW,67,67,49,declining,-83% over 12mo (Seasonal)
etsy listing photo size ratio 2022,Direct / Head Terms,planner_related,Comm,4,10,0.00,0.00,LOW,67,67,49,declining,-33% over 12mo
etsy listing tool,Direct / Head Terms,autocomplete,Comm,9,90,2.08,4.98,LOW,67,67,68,rising,+169% over 12mo (Seasonal)
best etsy descriptions,Competitor Alternatives,planner_related,Comm,6,10,0.00,0.00,LOW,67,67,49,declining,-33% over 12mo
etsy description tips,Direct / Head Terms,planner_related,Info,6,10,0.00,0.00,LOW,67,67,49,declining,-33% over 12mo
etsy listing software,Direct / Head Terms,ai,Comm,9,70,2.32,5.30,LOW,66,66,67,rising,+156% over 12mo (Seasonal)
etsy bulk upload tool,Direct / Head Terms,autocomplete,Comm,10,70,1.71,6.25,LOW,66,66,67,rising,+167% over 12mo (Seasonal)
etsy bulk lister,Feature-Based,planner_related,Comm,10,140,1.63,4.85,LOW,65,65,66,rising,+64% over 12mo (Seasonal)
can i sell digital products on etsy,Direct / Head Terms,planner_related,Comm,7,40,0.25,1.64,LOW,65,65,56,declining_slight,-17% over 12mo
etsy bulk editor,Competitor Brands,ai,Nav,10,50,0.83,5.30,LOW,64,64,65,rising,+35% over 12mo
best size for etsy listing photos,Problem-Based,planner_related,Comm,4,90,0.29,2.32,LOW,64,64,63,stable,Stable
can you sell digital products on etsy,Direct / Head Terms,autocomplete,Comm,7,70,0.16,5.94,LOW,63,63,64,declining_slight,-29% over 12mo
ebay etsy listing software,Direct / Head Terms,autocomplete,Comm,6,10,1.12,2.95,LOW,61,61,59,rising,+40% over 12mo
bulk upload listings to etsy,Direct / Head Terms,autocomplete,Comm,10,10,0.00,0.00,MEDIUM,61,61,41,stable,Stable
bulk editing etsy,Direct / Head Terms,planner_related,Comm,9,50,0.83,5.30,LOW,61,61,62,rising,+35% over 12mo
bulk etsy editor,Competitor Brands,planner_related,Nav,9,50,0.83,5.30,LOW,61,61,62,rising,+35% over 12mo
etsy automatic listing renewal,Direct / Head Terms,autocomplete,Comm,3,10,0.00,0.00,UNSPECIFIED,61,61,40,declining_slight,-17% over 12mo
how to upload digital files on etsy,Direct / Head Terms,autocomplete,Info,8,10,0.00,0.00,MEDIUM,61,61,41,stable,Stable
best etsy seo tool,Competitor Alternatives,planner_related,Comm,7,90,2.55,7.36,LOW,61,61,62,declining,-45% over 12mo (Seasonal)
etsy seo tool free,Feature-Based,planner_related,Comm,7,50,1.09,4.87,LOW,61,61,59,declining,-52% over 12mo (Seasonal)
etsy bulk editing,Direct / Head Terms,planner_related,Comm,9,50,0.83,5.30,LOW,61,61,62,rising,+35% over 12mo
alura for etsy,Direct / Head Terms,planner_related,Comm,9,40,0.03,2.36,LOW,60,60,58,declining,-31% over 12mo
bulk edit etsy descriptions,Direct / Head Terms,planner_related,Comm,9,10,0.00,0.00,MEDIUM,60,60,40,rising,+50% over 12mo
inkfrog etsy,Direct / Head Terms,planner_related,Comm,8,10,0.00,0.00,UNSPECIFIED,60,60,40,rising,+67% over 12mo (Seasonal)
listing details etsy,Direct / Head Terms,planner_related,Comm,4,10,0.00,0.00,UNSPECIFIED,60,60,40,rising,+50% over 12mo (Seasonal)
dimensions for etsy listing photos,Problem-Based,planner_related,Info,2,30,0.24,2.29,LOW,59,59,58,declining_slight,-16% over 12mo
what can i sell on etsy digital downloads,Direct / Head Terms,planner_related,Comm,4,30,0.14,6.33,LOW,59,59,60,rising,+58% over 12mo
bulk upload products to etsy,Feature-Based,planner_related,Comm,10,10,0.00,0.00,UNSPECIFIED,58,58,38,stable,Stable
alura etsy extension,Direct / Head Terms,planner_related,Comm,9,10,0.00,0.00,MEDIUM,58,58,38,stable,Stable
digital products you can sell on etsy,Direct / Head Terms,planner_related,Comm,4,10,0.00,0.00,MEDIUM,58,58,38,stable,Stable
how to upload digital files to etsy from ipad,Direct / Head Terms,planner_related,Info,2,10,0.00,0.00,UNSPECIFIED,58,58,38,stable,Stable (Seasonal)
etsy listing optimization tool,Direct / Head Terms,autocomplete,Comm,8,70,3.03,10.62,LOW,58,58,68,declining,-38% over 12mo
etsy listing manager,Direct / Head Terms,planner_related,Comm,8,20,1.94,6.50,LOW,58,58,59,rising,+64% over 12mo
free etsy description template,Feature-Based,planner_related,Comm,3,10,0.00,0.00,UNSPECIFIED,58,58,38,stable,Stable (Seasonal)
etsy bulk product upload,Direct / Head Terms,planner_related,Comm,10,10,0.00,0.00,UNSPECIFIED,57,57,37,declining,-50% over 12mo (Seasonal)
etsy automatic renewal,Direct / Head Terms,planner_related,Comm,3,10,0.00,0.00,UNSPECIFIED,57,57,37,declining,-100% over 12mo (Seasonal)
etsy listing photo size ratio 2021,Direct / Head Terms,planner_related,Comm,2,10,0.00,0.00,UNSPECIFIED,57,57,37,declining,-100% over 12mo (Seasonal)
listing size etsy,Direct / Head Terms,planner_related,Comm,2,10,0.00,0.00,UNSPECIFIED,57,57,37,declining,-33% over 12mo
size etsy listing,Direct / Head Terms,planner_related,Comm,2,10,0.00,0.00,UNSPECIFIED,57,57,37,declining,-67% over 12mo (Seasonal)
writing etsy product descriptions,Direct / Head Terms,planner_related,Comm,3,10,0.00,0.00,UNSPECIFIED,57,57,37,declining,-50% over 12mo (Seasonal)
bulk upload etsy listings,Direct / Head Terms,ai,Comm,10,10,1.79,5.56,LOW,55,55,56,declining,-40% over 12mo (Seasonal)
can you sell ebooks on etsy,Direct / Head Terms,planner_related,Comm,4,50,2.72,10.31,LOW,54,54,64,declining_slight,-16% over 12mo
etsy digital product uploader,Direct / Head Terms,ai,Comm,10,0,0.00,0.00,UNSPECIFIED,52,52,32,,
chrome extension for etsy listings,Direct / Head Terms,ai,Comm,10,0,0.00,0.00,UNSPECIFIED,52,52,32,,
bulk upload digital products etsy,Feature-Based,ai,Comm,10,0,0.00,0.00,UNSPECIFIED,52,52,32,,
import etsy listings from spreadsheet,Feature-Based,ai,Comm,10,0,0.00,0.00,UNSPECIFIED,52,52,32,,
etsy listing queue and preview,Feature-Based,ai,Comm,10,0,0.00,0.00,UNSPECIFIED,52,52,32,,
automate etsy listing fields,Feature-Based,ai,Comm,10,0,0.00,0.00,UNSPECIFIED,52,52,32,,
etsy bulk lister credit pricing,Feature-Based,ai,Txn,10,0,0.00,0.00,UNSPECIFIED,52,52,32,,
free etsy bulk upload tool,Feature-Based,ai,Comm,10,0,0.00,0.00,UNSPECIFIED,52,52,32,,
etsy bulk listing chrome extension,Feature-Based,ai,Comm,10,0,0.00,0.00,UNSPECIFIED,52,52,32,,
secure etsy listing tool browser session,Feature-Based,ai,Comm,10,0,0.00,0.00,UNSPECIFIED,52,52,32,,
spreadsheet driven etsy listing workflow,Feature-Based,ai,Comm,10,0,0.00,0.00,UNSPECIFIED,52,52,32,,
how to stop manually creating etsy listings,Problem-Based,ai,Info,9,0,0.00,0.00,UNSPECIFIED,52,52,32,,
etsy bulk upload time saving solution,Problem-Based,ai,Info,10,0,0.00,0.00,UNSPECIFIED,52,52,32,,
tedious etsy listing management solution,Problem-Based,ai,Info,9,0,0.00,0.00,UNSPECIFIED,52,52,32,,
fix slow etsy product uploads,Problem-Based,ai,Info,9,0,0.00,0.00,UNSPECIFIED,52,52,32,,
automating etsy listing creation process,Problem-Based,ai,Info,10,0,0.00,0.00,UNSPECIFIED,52,52,32,,
etsy listing management for high volume sellers,Problem-Based,ai,Info,10,0,0.00,0.00,UNSPECIFIED,52,52,32,,
etsy pod bulk listing tool,Audience-Based,ai,Comm,10,0,0.00,0.00,UNSPECIFIED,52,52,32,,
digital download etsy store management software,Audience-Based,ai,Txn,10,0,0.00,0.00,UNSPECIFIED,52,52,32,,
etsy agency bulk upload solution,Audience-Based,ai,Comm,10,0,0.00,0.00,UNSPECIFIED,52,52,32,,
photon for etsy,Competitor Brands,ai,Nav,9,0,0.00,0.00,UNSPECIFIED,52,52,32,,
vela for etsy listings,Competitor Brands,ai,Nav,9,0,0.00,0.00,UNSPECIFIED,52,52,32,,
alura bulk upload tool,Competitor Brands,ai,Nav,9,0,0.00,0.00,UNSPECIFIED,52,52,32,,
vela alternative etsy,Competitor Alternatives,ai,Comm,9,0,0.00,0.00,UNSPECIFIED,52,52,32,,
alura vs bulklistingpro,Competitor Alternatives,ai,Comm,10,0,0.00,0.00,UNSPECIFIED,52,52,32,,
etsy bulk editor pricing,Competitor Alternatives,ai,Txn,9,0,0.00,0.00,UNSPECIFIED,52,52,32,,
best etsy bulk listing tool,Competitor Alternatives,ai,Comm,10,0,0.00,0.00,UNSPECIFIED,52,52,32,,
cheaper than photon for etsy,Competitor Alternatives,ai,Comm,9,0,0.00,0.00,UNSPECIFIED,52,52,32,,
etsy bulk upload software comparison,Competitor Alternatives,ai,Comm,9,0,0.00,0.00,UNSPECIFIED,52,52,32,,
bulklistingpro vs vela,Competitor Alternatives,ai,Comm,10,0,0.00,0.00,UNSPECIFIED,52,52,32,,
upload hundreds of new etsy digital listings,Use Case / Scenario,ai,Comm,10,0,0.00,0.00,UNSPECIFIED,52,52,32,,
streamline etsy new product launch process,Use Case / Scenario,ai,Comm,9,0,0.00,0.00,UNSPECIFIED,52,52,32,,
manage multiple etsy shops listings tool,Use Case / Scenario,ai,Comm,10,0,0.00,0.00,UNSPECIFIED,52,52,32,,
etsy product listing workflow automation,Use Case / Scenario,ai,Comm,10,0,0.00,0.00,UNSPECIFIED,52,52,32,,
etsy digital product shop scaling,Use Case / Scenario,ai,Comm,9,0,0.00,0.00,UNSPECIFIED,52,52,32,,
bulk upload etsy printables,Industry / Niche,ai,Comm,10,0,0.00,0.00,UNSPECIFIED,52,52,32,,
etsy pod listing automation,Industry / Niche,ai,Comm,10,0,0.00,0.00,UNSPECIFIED,52,52,32,,
svg bulk upload etsy designs,Industry / Niche,ai,Comm,10,0,0.00,0.00,UNSPECIFIED,52,52,32,,
etsy template bulk lister,Industry / Niche,ai,Comm,9,0,0.00,0.00,UNSPECIFIED,52,52,32,,
save time creating etsy listings,Benefit / Outcome,ai,Comm,9,0,0.00,0.00,UNSPECIFIED,52,52,32,,
increase etsy seller productivity,Benefit / Outcome,ai,Comm,9,0,0.00,0.00,UNSPECIFIED,52,52,32,,
scalable etsy listing management solution,Benefit / Outcome,ai,Comm,10,0,0.00,0.00,UNSPECIFIED,52,52,32,,
secure etsy bulk upload without credentials,Benefit / Outcome,ai,Comm,10,0,0.00,0.00,UNSPECIFIED,52,52,32,,
etsy shop efficiency tool,Benefit / Outcome,ai,Comm,9,0,0.00,0.00,UNSPECIFIED,52,52,32,,
etsy seo tools for digital products,Adjacent / Tangential,ai,Info,8,0,0.00,0.00,UNSPECIFIED,52,52,32,,
best etsy shop management software,Adjacent / Tangential,ai,Comm,8,0,0.00,0.00,UNSPECIFIED,52,52,32,,
pod workflow automation etsy,Adjacent / Tangential,ai,Info,10,0,0.00,0.00,UNSPECIFIED,52,52,32,,
etsy easter printables bulk upload,Seasonal / Holiday,ai,Comm,10,0,0.00,0.00,UNSPECIFIED,52,52,32,,
easter digital products etsy lister,Seasonal / Holiday,ai,Comm,10,0,0.00,0.00,UNSPECIFIED,52,52,32,,
bulk upload easter svg etsy,Seasonal / Holiday,ai,Comm,10,0,0.00,0.00,UNSPECIFIED,52,52,32,,
etsy bulk listing tool free,Direct / Head Terms,autocomplete,Comm,10,0,0.00,0.00,UNSPECIFIED,52,52,32,,
how to sell large items on etsy,Direct / Head Terms,autocomplete,Info,1,0,0.00,0.00,UNSPECIFIED,52,52,32,,
etsy automatic listing,Direct / Head Terms,autocomplete,Comm,9,0,0.00,0.00,UNSPECIFIED,52,52,32,,
etsy digital product upload,Direct / Head Terms,autocomplete,Comm,10,0,0.00,0.00,UNSPECIFIED,52,52,32,,
can you bulk upload etsy listings,Direct / Head Terms,autocomplete,Comm,10,0,0.00,0.00,UNSPECIFIED,52,52,32,,
how to bulk upload etsy listings,Direct / Head Terms,autocomplete,Info,10,0,0.00,0.00,UNSPECIFIED,52,52,32,,
how to upload bulk listings on etsy,Direct / Head Terms,autocomplete,Info,10,0,0.00,0.00,UNSPECIFIED,52,52,32,,
etsy listing ai tool,Direct / Head Terms,autocomplete,Comm,7,0,0.00,0.00,UNSPECIFIED,52,52,32,,
etsy listing optimization tool free,Direct / Head Terms,autocomplete,Comm,8,0,0.00,0.00,UNSPECIFIED,52,52,32,,
etsy listing title tool,Direct / Head Terms,autocomplete,Comm,9,0,0.00,0.00,UNSPECIFIED,52,52,32,,
alura etsy tool,Direct / Head Terms,planner_related,Comm,9,40,0.03,2.11,MEDIUM,51,51,47,stable,Stable
etsy listing title generator,Direct / Head Terms,planner_related,Comm,8,10,0.38,1.24,MEDIUM,50,50,38,declining,-33% over 12mo
etsy listing tags generator,Direct / Head Terms,planner_related,Comm,8,10,0.00,0.00,HIGH,50,50,27,declining_slight,-17% over 12mo
etsy bulk listing tool,Direct / Head Terms,ai,Comm,10,20,2.70,6.12,MEDIUM,48,48,47,declining_slight,-27% over 12mo
etsy alura,Competitor Brands,planner_related,Nav,9,20,0.02,2.29,MEDIUM,48,48,44,stable,Stable
etsy listing generator,Direct / Head Terms,planner_related,Comm,9,40,0.95,5.41,MEDIUM,48,48,46,declining_slight,-16% over 12mo
etsy bulk upload,Direct / Head Terms,planner_related,Comm,10,40,1.23,6.45,MEDIUM,47,47,46,declining,-33% over 12mo
bulk upload etsy,Direct / Head Terms,planner_related,Comm,10,40,1.23,6.45,MEDIUM,47,47,46,declining,-33% over 12mo
etsy listing description generator,Direct / Head Terms,planner_related,Comm,8,20,0.73,5.47,MEDIUM,45,45,43,declining,-50% over 12mo (Seasonal)
bulk upload to etsy,Direct / Head Terms,planner_related,Comm,10,10,1.89,6.96,MEDIUM,42,42,41,declining,-45% over 12mo
etsy listing analyzer,Direct / Head Terms,planner_related,Comm,,20,1.00,5.30,HIGH,40,40,36,rising,+42% over 12mo
etsy listing automation,Direct / Head Terms,ai,Comm,,10,3.17,7.34,HIGH,33,33,39,stable,Stable
how does etsy work,Problem-Based,youtube,Info,1,1300,0.04,0.49,LOW,84,84,69,declining_slight,-12% over 12mo
how much does etsy take from sellers,Direct / Head Terms,youtube,Comm,,1000,0.06,0.60,LOW,84,84,69,stable,Stable
etsy how does it work,Direct / Head Terms,youtube,Comm,,1300,0.04,0.49,LOW,84,84,69,declining_slight,-12% over 12mo
etsy descriptions,Direct / Head Terms,youtube,Comm,10,90,0.00,0.00,LOW,82,82,64,rising,+129% over 12mo (Seasonal)
etsy rules for selling,Direct / Head Terms,youtube,Comm,1,210,0.07,0.64,LOW,80,80,66,declining_slight,-26% over 12mo
etsy private listing,Direct / Head Terms,youtube,Comm,2,110,0.00,0.00,LOW,80,80,62,stable,Stable
how much does it cost to sell on etsy,Direct / Head Terms,youtube,Comm,1,1600,0.07,1.71,LOW,80,80,71,stable,Stable
how much does etsy charge to sell,Direct / Head Terms,youtube,Comm,,1600,0.06,1.11,LOW,80,80,70,declining_slight,-22% over 12mo
how much does etsy take from a sale,Direct / Head Terms,youtube,Comm,,320,0.05,0.90,LOW,80,80,66,rising_slight,+18% over 12mo
how much does etsy charge for selling,Direct / Head Terms,youtube,Comm,,1600,0.06,1.11,LOW,80,80,70,declining_slight,-22% over 12mo
can you sell food on etsy,Direct / Head Terms,youtube,Comm,,210,0.00,0.00,LOW,80,80,62,stable,Stable
etsy listing photo size 2025,Direct / Head Terms,youtube,Comm,4,90,0.00,0.00,LOW,79,79,61,declining,-37% over 12mo (Seasonal)
etsy listing photo size,Direct / Head Terms,youtube,Comm,4,1000,0.15,1.21,LOW,78,78,69,declining_slight,-18% over 12mo
etsy policies for sellers,Direct / Head Terms,youtube,Comm,1,170,0.00,0.00,LOW,78,78,60,declining,-39% over 12mo
size of etsy listing photos,Direct / Head Terms,youtube,Comm,4,1000,0.15,1.21,LOW,78,78,69,declining_slight,-18% over 12mo
how much does etsy take,Direct / Head Terms,youtube,Comm,1,880,0.08,1.09,LOW,78,78,68,stable,Stable
etsy handbook,Direct / Head Terms,youtube,Comm,,140,0.00,0.00,LOW,78,78,60,stable,Stable
how to download etsy digital files,Problem-Based,youtube,Info,,70,0.00,0.00,LOW,78,78,60,rising,+75% over 12mo
how to download etsy digital files on phone,Problem-Based,youtube,Info,,140,0.00,0.00,LOW,78,78,60,declining_slight,-16% over 12mo
new etsy rules for selling,Direct / Head Terms,bing,Comm,,70,0.00,0.00,LOW,78,78,60,declining_slight,-25% over 12mo (Seasonal)
who sells etsy gift cards,Direct / Head Terms,youtube,Comm,,70,0.00,0.00,LOW,78,78,60,rising,+104% over 12mo (Seasonal)
what size for etsy listing photos,Direct / Head Terms,bing,Comm,4,50,0.00,0.00,LOW,77,77,59,stable,Stable
how much do etsy sellers make,Direct / Head Terms,youtube,Comm,,110,0.00,0.00,LOW,77,77,59,declining_slight,-28% over 12mo
how much do etsy shops make,Direct / Head Terms,youtube,Comm,,110,0.00,0.00,LOW,77,77,59,declining_slight,-28% over 12mo
can i sell ai generated art on etsy,Direct / Head Terms,youtube,Comm,,110,0.00,0.00,LOW,77,77,59,declining_slight,-29% over 12mo
can i sell food on etsy,Direct / Head Terms,youtube,Comm,,70,0.00,0.00,LOW,77,77,59,rising_slight,+15% over 12mo
how to sell on etsy step by step,Problem-Based,youtube,Info,4,70,0.00,0.00,LOW,76,76,58,stable,Stable (Seasonal)
etsy guide,Direct / Head Terms,youtube,Info,,70,0.00,0.00,LOW,76,76,58,stable,Stable
how do i do a sale on etsy,Problem-Based,youtube,Info,,70,0.00,0.00,LOW,76,76,58,stable,Stable
how much money does etsy take from sellers,Direct / Head Terms,youtube,Comm,,110,0.04,0.24,LOW,76,76,61,rising_slight,+19% over 12mo
how to do a sale on etsy,Problem-Based,youtube,Info,,70,0.00,0.00,LOW,76,76,58,stable,Stable
how to do sale on etsy,Problem-Based,youtube,Info,,70,0.00,0.00,LOW,76,76,58,stable,Stable
how to do sales on etsy,Problem-Based,youtube,Info,,70,0.00,0.00,LOW,76,76,58,stable,Stable
how to download digital files from etsy,Problem-Based,youtube,Info,,70,0.00,0.00,LOW,76,76,58,stable,Stable
things to make and sell on etsy,Direct / Head Terms,youtube,Comm,,170,0.07,0.89,LOW,76,76,61,declining,-31% over 12mo
etsy listing image size,Direct / Head Terms,youtube,Comm,4,210,0.25,1.54,LOW,75,75,66,declining_slight,-12% over 12mo
etsy product image size,Direct / Head Terms,youtube,Comm,4,210,0.38,0.98,LOW,75,75,66,declining_slight,-22% over 12mo
how much does it cost to have an etsy shop,Direct / Head Terms,youtube,Comm,,390,0.08,1.85,LOW,75,75,65,stable,Stable
how much does it cost to have an etsy store,Direct / Head Terms,youtube,Comm,,390,0.08,1.85,LOW,75,75,65,stable,Stable
how does etsy make money,Problem-Based,youtube,Info,,110,0.03,0.15,LOW,75,75,59,stable,Stable
how much does it cost to have etsy shop,Direct / Head Terms,youtube,Comm,,390,0.08,1.85,LOW,75,75,65,stable,Stable
can you sell ai art on etsy,Direct / Head Terms,youtube,Comm,,70,0.00,0.00,LOW,75,75,57,declining,-36% over 12mo
can you sell books on etsy,Direct / Head Terms,youtube,Comm,,70,0.00,0.00,LOW,75,75,57,declining_slight,-23% over 12mo
can you sell used items on etsy,Direct / Head Terms,youtube,Comm,,70,0.00,0.00,LOW,75,75,57,declining_slight,-23% over 12mo
how much do people make on etsy,Direct / Head Terms,youtube,Comm,,70,0.00,0.00,LOW,75,75,57,declining_slight,-20% over 12mo
how much are etsy fees,Direct / Head Terms,youtube,Comm,,390,0.10,0.95,LOW,74,74,65,declining_slight,-26% over 12mo
how much is etsy fees,Direct / Head Terms,youtube,Comm,,390,0.10,0.95,LOW,74,74,65,declining_slight,-26% over 12mo
how much etsy charge,Direct / Head Terms,youtube,Comm,,390,0.10,0.95,LOW,74,74,65,declining_slight,-26% over 12mo
what is etsy and how does it work,Problem-Based,youtube,Info,,50,0.00,0.00,LOW,74,74,56,declining_slight,-18% over 12mo
etsy how it works,Direct / Head Terms,youtube,Comm,,110,0.06,0.54,LOW,74,74,60,declining_slight,-21% over 12mo
how much do you make on etsy,Direct / Head Terms,youtube,Comm,,50,0.00,0.00,LOW,74,74,56,declining_slight,-13% over 12mo
how much etsy charge for selling,Direct / Head Terms,youtube,Comm,,50,0.06,0.75,LOW,74,74,59,rising,+100% over 12mo
how much etsy charges for selling,Direct / Head Terms,youtube,Comm,,50,0.06,0.75,LOW,74,74,59,rising,+100% over 12mo
can you sell ai generated art on etsy,Direct / Head Terms,youtube,Comm,,50,0.00,0.00,LOW,74,74,56,declining_slight,-16% over 12mo
can you sell baked goods on etsy,Direct / Head Terms,youtube,Comm,,50,0.00,0.00,LOW,74,74,56,stable,Stable
can you sell fan art on etsy,Direct / Head Terms,youtube,Comm,,50,0.00,0.00,LOW,74,74,56,declining_slight,-17% over 12mo
how to make money on etsy,Problem-Based,youtube,Info,4,1000,0.10,3.12,LOW,73,73,72,declining_slight,-19% over 12mo
how much does etsy charge,Direct / Head Terms,youtube,Comm,1,260,0.09,1.70,LOW,73,73,64,stable,Stable
how does etsy work for sellers,Problem-Based,youtube,Info,2,590,0.05,0.52,MEDIUM,73,73,56,rising,+60% over 12mo
how to earn money on etsy,Problem-Based,youtube,Info,,1000,0.10,3.12,LOW,73,73,72,declining_slight,-19% over 12mo
how to sell digital on etsy,Problem-Based,youtube,Info,,50,0.00,0.00,LOW,73,73,55,declining,-58% over 12mo
how much does it cost to sell things on etsy,Direct / Head Terms,youtube,Comm,,210,0.05,1.00,LOW,73,73,63,stable,Stable
how to make money using etsy,Problem-Based,youtube,Info,,1000,0.10,3.12,LOW,73,73,72,declining_slight,-19% over 12mo
how does etsy selling work,Problem-Based,youtube,Info,,590,0.05,0.52,MEDIUM,73,73,56,rising,+60% over 12mo
how do you make money on etsy,Problem-Based,youtube,Info,,1000,0.10,3.12,LOW,73,73,72,declining_slight,-19% over 12mo
how does etsy work for selling,Problem-Based,youtube,Info,,590,0.05,0.52,MEDIUM,73,73,56,rising,+60% over 12mo
how much does it cost to sell items on etsy,Direct / Head Terms,youtube,Comm,,210,0.05,1.00,LOW,73,73,63,stable,Stable
how much does it cost to sell something on etsy,Direct / Head Terms,youtube,Comm,,210,0.05,1.00,LOW,73,73,63,stable,Stable
how much does it cost to sell stuff on etsy,Direct / Head Terms,youtube,Comm,,210,0.05,1.00,LOW,73,73,63,stable,Stable
how to sell digitally on etsy,Problem-Based,youtube,Info,,50,0.00,0.00,LOW,73,73,55,declining,-58% over 12mo
how to sell feet pics on etsy,Problem-Based,youtube,Info,,50,0.00,0.00,LOW,73,73,55,declining,-43% over 12mo
etsy product photo size,Direct / Head Terms,youtube,Comm,4,210,0.38,0.98,LOW,72,72,63,declining_slight,-22% over 12mo
size for etsy listing photos,Direct / Head Terms,youtube,Comm,4,50,0.15,0.78,LOW,72,72,57,stable,Stable
what size are etsy listing photos,Direct / Head Terms,bing,Comm,4,110,0.10,0.94,LOW,72,72,63,declining_slight,-14% over 12mo
what size should etsy listing photos be,Direct / Head Terms,bing,Comm,4,70,0.19,0.95,LOW,72,72,63,rising_slight,+15% over 12mo
how to sell digital downloads on etsy,Problem-Based,youtube,Info,7,880,0.08,3.10,LOW,72,72,70,declining,-30% over 12mo
how to sell digital products on etsy,Problem-Based,youtube,Info,7,720,0.20,5.11,LOW,72,72,70,declining_slight,-17% over 12mo
how to sell a digital download on etsy,Problem-Based,youtube,Info,,880,0.08,3.10,LOW,72,72,70,declining,-30% over 12mo
how do you sell digital downloads on etsy,Problem-Based,youtube,Info,,880,0.08,3.10,LOW,72,72,70,declining,-30% over 12mo
how to sell digital product on etsy,Problem-Based,youtube,Info,,720,0.20,5.11,LOW,72,72,70,declining_slight,-17% over 12mo
can you make money on etsy,Direct / Head Terms,youtube,Comm,,210,0.04,1.69,LOW,72,72,63,declining_slight,-13% over 12mo
do you make money on etsy,Direct / Head Terms,youtube,Comm,,210,0.04,1.69,LOW,72,72,63,declining_slight,-13% over 12mo
what sells good on etsy,Direct / Head Terms,youtube,Comm,,720,0.05,0.94,MEDIUM,72,72,55,declining_slight,-12% over 12mo
etsy image dimensions,Direct / Head Terms,youtube,Comm,4,720,0.27,1.85,LOW,71,71,70,declining,-31% over 12mo
how much is it to sell on etsy,Direct / Head Terms,youtube,Comm,1,590,0.12,3.02,LOW,71,71,69,declining_slight,-15% over 12mo
how much to sell on etsy,Direct / Head Terms,youtube,Comm,,590,0.12,3.02,LOW,71,71,69,declining_slight,-15% over 12mo
how much does it cost to list on etsy,Direct / Head Terms,youtube,Comm,,140,0.09,0.95,LOW,71,71,61,stable,Stable
how does etsy pay you,Problem-Based,youtube,Info,,170,0.05,0.95,LOW,71,71,61,declining,-36% over 12mo
how much can you make from etsy,Direct / Head Terms,youtube,Comm,,170,0.03,1.12,LOW,71,71,62,declining_slight,-25% over 12mo
how much can you make on etsy,Direct / Head Terms,youtube,Comm,,170,0.03,1.12,LOW,71,71,62,declining_slight,-25% over 12mo
tips for etsy sellers,Direct / Head Terms,youtube,Info,,170,0.07,1.37,LOW,71,71,62,declining_slight,-23% over 12mo
what can be sold on etsy,Direct / Head Terms,youtube,Comm,,590,0.07,2.73,LOW,71,71,69,declining_slight,-18% over 12mo
what are etsy selling fees,Problem-Based,youtube,Info,,140,0.08,1.00,LOW,71,71,61,stable,Stable
what could i sell on etsy,Direct / Head Terms,youtube,Comm,,590,0.07,2.73,LOW,71,71,69,declining_slight,-18% over 12mo
how much does it cost to open an etsy shop,Direct / Head Terms,youtube,Comm,,390,0.11,2.66,LOW,70,70,68,stable,Stable
how much money does etsy take,Direct / Head Terms,youtube,Comm,,140,0.09,0.96,LOW,70,70,61,declining_slight,-13% over 12mo
how much is an etsy account,Direct / Head Terms,youtube,Comm,,70,0.08,1.67,LOW,70,70,61,rising,+35% over 12mo
how much does it cost to open an etsy store,Direct / Head Terms,youtube,Comm,,390,0.11,2.66,LOW,70,70,68,stable,Stable
what can you sell on etsy,Direct / Head Terms,youtube,Comm,,390,0.06,2.47,LOW,70,70,68,stable,Stable
how to put items on sale on etsy,Problem-Based,youtube,Info,,110,0.05,1.11,LOW,70,70,60,stable,Stable
etsy seller guidelines,Direct / Head Terms,youtube,Comm,1,110,0.06,1.88,LOW,69,69,59,declining,-41% over 12mo
how to list on etsy,Problem-Based,youtube,Info,,210,0.11,4.28,LOW,69,69,67,rising_slight,+11% over 12mo
how to make an etsy seller account,Problem-Based,youtube,Info,,320,0.21,8.24,LOW,69,69,70,rising,+54% over 12mo
how much money can you make from etsy,Direct / Head Terms,youtube,Comm,,110,0.08,1.12,LOW,69,69,60,declining_slight,-13% over 12mo
how much money can you make on etsy,Direct / Head Terms,youtube,Comm,,110,0.08,1.12,LOW,69,69,60,declining_slight,-13% over 12mo
how much money do you make on etsy,Direct / Head Terms,youtube,Comm,,110,0.08,1.12,LOW,69,69,60,declining_slight,-13% over 12mo
how to make an etsy selling account,Problem-Based,youtube,Info,,320,0.21,8.24,LOW,69,69,70,rising,+54% over 12mo
what can i make to sell on etsy,Direct / Head Terms,youtube,Comm,,90,0.04,1.14,LOW,69,69,59,declining_slight,-11% over 12mo
what can i make and sell on etsy,Direct / Head Terms,youtube,Comm,,90,0.04,1.14,LOW,69,69,59,declining_slight,-11% over 12mo
what should i make to sell on etsy,Direct / Head Terms,youtube,Comm,,90,0.04,1.14,LOW,69,69,59,declining_slight,-11% over 12mo
how to sell art on etsy,Problem-Based,youtube,Info,6,260,0.17,3.21,LOW,68,68,66,declining_slight,-24% over 12mo
how to sell templates on etsy,Problem-Based,youtube,Info,7,260,0.13,4.69,LOW,68,68,66,declining_slight,-25% over 12mo
how to be successful on etsy,Problem-Based,youtube,Info,,210,0.07,2.25,LOW,68,68,66,stable,Stable
how much does it cost to start an etsy shop,Direct / Head Terms,youtube,Comm,,260,0.11,1.90,LOW,68,68,67,stable,Stable
how to create an etsy seller account,Problem-Based,youtube,Info,,260,0.25,6.28,LOW,68,68,69,rising,+108% over 12mo
how much does it cost to run an etsy shop,Direct / Head Terms,youtube,Comm,,70,0.10,1.32,LOW,68,68,59,stable,Stable
how much does an etsy account cost,Direct / Head Terms,youtube,Comm,,50,0.11,1.00,LOW,68,68,58,rising_slight,+15% over 12mo
how much does etsy account cost,Direct / Head Terms,youtube,Comm,,50,0.11,1.00,LOW,68,68,58,rising_slight,+15% over 12mo
how much does it cost to have an etsy account,Direct / Head Terms,youtube,Comm,,50,0.08,1.13,LOW,68,68,58,rising_slight,+11% over 12mo
how much does it cost to start an etsy store,Direct / Head Terms,youtube,Comm,,260,0.11,1.90,LOW,68,68,67,stable,Stable
how to be successful at etsy,Problem-Based,youtube,Info,,210,0.07,2.25,LOW,68,68,66,stable,Stable
how to sell printable on etsy,Problem-Based,youtube,Info,,260,0.78,5.22,LOW,68,68,67,stable,Stable
can you have more than one etsy store,Direct / Head Terms,youtube,Comm,,480,0.44,8.66,LOW,68,68,69,declining_slight,-27% over 12mo
can you have multiple shops on etsy,Direct / Head Terms,youtube,Comm,,480,0.44,8.66,LOW,68,68,69,declining_slight,-27% over 12mo
etsy description generator,Feature-Based,bing,Comm,8,110,0.28,3.71,LOW,67,67,65,declining,-52% over 12mo
how to sell stickers on etsy,Problem-Based,youtube,Info,6,210,0.52,4.25,LOW,67,67,65,declining,-46% over 12mo
how to sell on etsy successfully,Problem-Based,youtube,Info,7,170,0.07,2.42,LOW,67,67,65,stable,Stable
how much does etsy cost,Direct / Head Terms,youtube,Comm,,170,0.15,2.43,LOW,67,67,65,stable,Stable
how to list items on etsy,Problem-Based,youtube,Info,,170,0.06,3.23,LOW,67,67,65,stable,Stable
how much to list on etsy,Direct / Head Terms,youtube,Comm,,50,0.10,1.55,LOW,67,67,57,stable,Stable
how much does it cost to post on etsy,Direct / Head Terms,youtube,Comm,,50,0.09,1.00,LOW,67,67,57,stable,Stable
how do i list an item on etsy,Problem-Based,youtube,Info,,170,0.06,3.23,LOW,67,67,65,stable,Stable
how do i list items on etsy,Problem-Based,youtube,Info,,170,0.06,3.23,LOW,67,67,65,stable,Stable
how do i run a sale on etsy,Problem-Based,youtube,Info,,170,0.34,4.20,LOW,67,67,65,stable,Stable
how do you run a sale on etsy,Problem-Based,youtube,Info,,170,0.34,4.20,LOW,67,67,65,stable,Stable
how much does it cost to be on etsy,Direct / Head Terms,youtube,Comm,,170,0.15,2.43,LOW,67,67,65,stable,Stable
how to run a sale on etsy,Problem-Based,youtube,Info,,170,0.34,4.20,LOW,67,67,65,stable,Stable
how to run sale on etsy,Problem-Based,youtube,Info,,170,0.34,4.20,LOW,67,67,65,stable,Stable
how to succeed selling on etsy,Problem-Based,youtube,Info,,170,0.07,2.42,LOW,67,67,65,stable,Stable
what do you need to start an etsy shop,Direct / Head Terms,youtube,Comm,,50,0.11,1.84,LOW,67,67,57,stable,Stable
how to sell on etsy,Problem-Based,youtube,Info,4,18100,0.11,4.93,MEDIUM,66,66,62,declining_slight,-15% over 12mo
how to start an etsy shop,Problem-Based,youtube,Info,4,5400,0.07,3.36,MEDIUM,66,66,62,declining_slight,-28% over 12mo
how to make an etsy shop,Problem-Based,youtube,Info,4,5400,0.18,5.66,MEDIUM,66,66,62,declining_slight,-24% over 12mo
how to set up an etsy shop,Problem-Based,youtube,Info,4,2400,0.11,3.95,MEDIUM,66,66,62,declining_slight,-16% over 12mo
how to create an etsy shop,Problem-Based,youtube,Info,4,5400,0.18,5.66,MEDIUM,66,66,62,declining_slight,-24% over 12mo
how to open an etsy shop,Problem-Based,youtube,Info,4,2400,0.11,4.39,MEDIUM,66,66,62,declining_slight,-14% over 12mo
how do i sell on etsy,Problem-Based,youtube,Info,4,18100,0.11,4.93,MEDIUM,66,66,62,declining_slight,-15% over 12mo
how to sell things on etsy,Problem-Based,youtube,Info,4,2400,0.06,4.25,MEDIUM,66,66,62,declining,-34% over 12mo
how can i sell on etsy,Problem-Based,youtube,Info,4,18100,0.11,4.93,MEDIUM,66,66,62,declining_slight,-15% over 12mo
how to sell something on etsy,Problem-Based,youtube,Info,4,2400,0.06,4.25,MEDIUM,66,66,62,declining,-34% over 12mo
how to sell photos on etsy,Problem-Based,youtube,Info,7,170,0.59,4.36,LOW,66,66,64,declining,-37% over 12mo
how to make an etsy store,Problem-Based,youtube,Info,4,5400,0.18,5.66,MEDIUM,66,66,62,declining_slight,-24% over 12mo
how to open an etsy store,Problem-Based,youtube,Info,4,2400,0.11,4.39,MEDIUM,66,66,62,declining_slight,-14% over 12mo
how do i set up an etsy shop,Problem-Based,youtube,Info,4,2400,0.11,3.95,MEDIUM,66,66,62,declining_slight,-16% over 12mo
how do i sell things on etsy,Problem-Based,youtube,Info,4,2400,0.06,4.25,MEDIUM,66,66,62,declining,-34% over 12mo
how do you sell things on etsy,Problem-Based,youtube,Info,4,2400,0.06,4.25,MEDIUM,66,66,62,declining,-34% over 12mo
how do i start an etsy shop,Problem-Based,youtube,Info,4,5400,0.07,3.36,MEDIUM,66,66,62,declining_slight,-28% over 12mo
how do i sell stuff on etsy,Problem-Based,youtube,Info,4,2400,0.06,4.25,MEDIUM,66,66,62,declining,-34% over 12mo
how do you start an etsy shop,Problem-Based,youtube,Info,4,5400,0.07,3.36,MEDIUM,66,66,62,declining_slight,-28% over 12mo
how do i make an etsy shop,Problem-Based,youtube,Info,,5400,0.18,5.66,MEDIUM,66,66,62,declining_slight,-24% over 12mo
how do you set up an etsy shop,Problem-Based,youtube,Info,,2400,0.11,3.95,MEDIUM,66,66,62,declining_slight,-16% over 12mo
how do you make an etsy shop,Problem-Based,youtube,Info,,5400,0.18,5.66,MEDIUM,66,66,62,declining_slight,-24% over 12mo
how do i create an etsy shop,Problem-Based,youtube,Info,,5400,0.18,5.66,MEDIUM,66,66,62,declining_slight,-24% over 12mo
how do i open an etsy shop,Problem-Based,youtube,Info,,2400,0.11,4.39,MEDIUM,66,66,62,declining_slight,-14% over 12mo
how to sell pictures on etsy,Problem-Based,youtube,Info,,170,0.59,4.36,LOW,66,66,64,declining,-37% over 12mo
how to sell photography on etsy,Problem-Based,youtube,Info,,170,0.59,4.36,LOW,66,66,64,declining,-37% over 12mo
how do i sell something on etsy,Problem-Based,youtube,Info,,2400,0.06,4.25,MEDIUM,66,66,62,declining,-34% over 12mo
how do you open an etsy shop,Problem-Based,youtube,Info,,2400,0.11,4.39,MEDIUM,66,66,62,declining_slight,-14% over 12mo
how do you sell items on etsy,Problem-Based,youtube,Info,,2400,0.06,4.25,MEDIUM,66,66,62,declining,-34% over 12mo
how can i sell things on etsy,Problem-Based,youtube,Info,,2400,0.06,4.25,MEDIUM,66,66,62,declining,-34% over 12mo
how do you create an etsy shop,Problem-Based,youtube,Info,,5400,0.18,5.66,MEDIUM,66,66,62,declining_slight,-24% over 12mo
how can you sell on etsy,Problem-Based,youtube,Info,,18100,0.11,4.93,MEDIUM,66,66,62,declining_slight,-15% over 12mo
how do you sell something on etsy,Problem-Based,youtube,Info,,2400,0.06,4.25,MEDIUM,66,66,62,declining,-34% over 12mo
how to sell your stuff on etsy,Problem-Based,youtube,Info,,110,0.07,5.22,LOW,66,66,64,rising_slight,+29% over 12mo
how to create etsy seller account,Problem-Based,youtube,Info,,170,0.18,7.57,LOW,66,66,67,rising,+55% over 12mo
how do i sell items on etsy,Problem-Based,youtube,Info,,2400,0.06,4.25,MEDIUM,66,66,62,declining,-34% over 12mo
how do i open an etsy store,Problem-Based,youtube,Info,,2400,0.11,4.39,MEDIUM,66,66,62,declining_slight,-14% over 12mo
how do i set up an etsy store,Problem-Based,youtube,Info,,2400,0.11,3.95,MEDIUM,66,66,62,declining_slight,-16% over 12mo
how do i start an etsy store,Problem-Based,youtube,Info,,5400,0.07,3.36,MEDIUM,66,66,62,declining_slight,-28% over 12mo
how to sell stuff in etsy,Problem-Based,youtube,Info,,2400,0.06,4.25,MEDIUM,66,66,62,declining,-34% over 12mo
how do you start an etsy store,Problem-Based,youtube,Info,,5400,0.07,3.36,MEDIUM,66,66,62,declining_slight,-28% over 12mo
how to sale in etsy,Problem-Based,youtube,Info,,18100,0.11,4.93,MEDIUM,66,66,62,declining_slight,-15% over 12mo
how to set up store on etsy,Problem-Based,youtube,Info,,2400,0.11,3.95,MEDIUM,66,66,62,declining_slight,-16% over 12mo
how do you set up an etsy store,Problem-Based,youtube,Info,,2400,0.11,3.95,MEDIUM,66,66,62,declining_slight,-16% over 12mo
how do you open an etsy store,Problem-Based,youtube,Info,,2400,0.11,4.39,MEDIUM,66,66,62,declining_slight,-14% over 12mo
how do i create an etsy store,Problem-Based,youtube,Info,,5400,0.18,5.66,MEDIUM,66,66,62,declining_slight,-24% over 12mo
etsy store how to set up,Direct / Head Terms,youtube,Info,,2400,0.11,3.95,MEDIUM,66,66,62,declining_slight,-16% over 12mo
how do i make an etsy store,Problem-Based,youtube,Info,,5400,0.18,5.66,MEDIUM,66,66,62,declining_slight,-24% over 12mo
how do you make an etsy store,Problem-Based,youtube,Info,,5400,0.18,5.66,MEDIUM,66,66,62,declining_slight,-24% over 12mo
how do you sell your stuff on etsy,Problem-Based,youtube,Info,,110,0.07,5.22,LOW,66,66,64,rising_slight,+29% over 12mo
how to open shop at etsy,Problem-Based,youtube,Info,,2400,0.11,4.39,MEDIUM,66,66,62,declining_slight,-14% over 12mo
how to sell your items on etsy,Problem-Based,youtube,Info,,110,0.07,5.22,LOW,66,66,64,rising_slight,+29% over 12mo
can i sell on etsy,Direct / Head Terms,bing,Comm,,70,0.19,4.96,LOW,66,66,65,stable,Stable
can you sell photos on etsy,Direct / Head Terms,youtube,Comm,,50,0.07,1.41,LOW,66,66,57,declining_slight,-21% over 12mo
can you sell photography on etsy,Direct / Head Terms,youtube,Comm,,50,0.07,1.41,LOW,66,66,57,declining_slight,-21% over 12mo
how to start selling on etsy,Problem-Based,youtube,Info,4,1600,0.13,4.58,MEDIUM,65,65,61,stable,Stable
how to sell digital art on etsy,Problem-Based,youtube,Info,7,140,0.14,3.73,LOW,65,65,63,declining,-44% over 12mo
how to sell digital prints on etsy,Problem-Based,youtube,Info,7,140,0.12,3.65,LOW,65,65,63,declining,-41% over 12mo
how do i start selling on etsy,Problem-Based,youtube,Info,4,1600,0.13,4.58,MEDIUM,65,65,61,stable,Stable
how do you start selling on etsy,Problem-Based,youtube,Info,,1600,0.13,4.58,MEDIUM,65,65,61,stable,Stable